{"cameraMode":{"drawMode":0,"name":"Shaded","section":"Shading Mode"},"sceneLighting":false,"audioPlay":false,"sceneViewState":{"m_AlwaysRefresh":false,"showFog":true,"showSkybox":false,"showFlares":true,"showImageEffects":true,"showParticleSystems":true,"showVisualEffectGraphs":true,"m_FxEnabled":true},"in2DMode":false,"pivot":{"x":1.9856106042861939,"y":0.028424322605133058,"z":4.1622114181518559},"rotation":{"x":0.3329847455024719,"y":-0.1462804675102234,"z":0.052372321486473086,"w":0.9300475716590881},"size":0.6339596509933472,"orthographic":false}